title,url,authors,abstract,citation
Automated hate speech detection and the problem of offensive language,https://ojs.aaai.org/index.php/ICWSM/article/view/14955,"T Davidson, D Warmsley, M Macy… - Proceedings of the …, 2017 - ojs.aaai.org","… In the United States, hate speech is protected under the free speech provisions of the First
Amendment, but it has … 1 Drawing upon these definitions, we define hate speech as language
that is used to expresses hatred towards a … Locate the hate: Detecting tweets against blacks … 
",   93
[PDF][PDF] A survey on hate speech detection using natural language processing,https://www.aclweb.org/anthology/W17-1101.pdf,"A Schmidt, M Wiegand - … fifth international workshop on natural language …, 2017 - aclweb.org","… One work concerned with crime prediction is Wang et al … data sets, it focuses the resulting data
set to specific topics and certain subtypes of hate speech (eg hate speech targeting Muslims) …
14The data from this work are available under http:// github.com/zeerakw/hatespeech 7 … 
",   53
Deep learning for hate speech detection in tweets,https://dl.acm.org/doi/abs/10.1145/3041021.3054223,"P Badjatiya, S Gupta, M Gupta, V Varma - Proceedings of the 26th …, 2017 - dl.acm.org","… experimented with mul- 2http://nlp.stanford.edu/projects/glove/ 3https://github.com/
pinkeshbadjatiya/twitter-hatespeech … words obtained us- ing deep neural network learned
embeddings clearly show the “hatred” towards the … Hate Speech Detection with Comment … 
",   50
Hate speech detection with comment embeddings,https://dl.acm.org/doi/abs/10.1145/2740908.2742760,"N Djuric, J Zhou, R Morris, M Grbovic… - Proceedings of the 24th …, 2015 - dl.acm.org","… However, due to inter- net's non-restrictive nature and, in certain countries, legal protection of
free speech which also includes hate speech [4], some users misuse the … Equality and freedom
of expression: The hate speech dilemma … Detecting hate speech on the World Wide Web … 
",   40
[PDF][PDF] Hateful symbols or hateful people? predictive features for hate speech detection on twitter,https://www.aclweb.org/anthology/N16-2013.pdf,"Z Waseem, D Hovy - Proceedings of the NAACL student research …, 2016 - aclweb.org","… Social media sites therefore face the problem of identifying and cen- soring problematic posts
(Moulson, 2016) while weighing the right to freedom of speech … Time to confront the cult of hatred
and murder #Islam”. 91 … Understand- ing who commits hate crime and why they do it … 
",   65
"[PDF][PDF] Hate me, hate me not: Hate speech detection on facebook",http://ceur-ws.org/Vol-1816/paper-09.pdf,"F Del Vigna12, A Cimino23, F Dell'Orletta… - Proceedings of the First …, 2017 - ceur-ws.org","… In the test phase, the classifier takes decision and tags comments as expressing hatred or not,
according to the learned model … Hate speech, machine classification and statistical modelling
of information flows on Twitter … Ensemble system for part-of-speech tagging … 
",   16
[PDF][PDF] A lexicon-based approach for hate speech detection,http://preventviolentextremism.info/sites/default/files/A%20Lexicon-Based%20Approach%20for%20Hate%20Speech%20Detection.pdf,"ND Gitari, Z Zuping, H Damien… - … of Multimedia and …, 2015 - preventviolentextremism.info","… a clear intention to be hurtful, to incite harm, or to promote hatred … high- level attributes of
communication, fundraising, sharing ideology, propaganda (inside), propaganda (outside), virtual …
these studies, we are concerned with content analysis of hate speech using sentiment … 
",   25
Understanding abuse: A typology of abusive language detection subtasks,https://arxiv.org/abs/1705.09899,"Z Waseem, T Davidson, D Warmsley… - arXiv preprint arXiv …, 2017 - arxiv.org","… (2017), for instance, show that annotators tend to code racism as hate speech at a higher rate
than sexism … A number of studies on hate speech use part-of-speech sequences to model the
expression of hatred (Warner and … Deep learning for hate speech detection in tweets … 
",   20
[PDF][PDF] Are you a racist or am i seeing things? annotator influence on hate speech detection on twitter,https://www.aclweb.org/anthology/W16-5618.pdf,"Z Waseem - Proceedings of the first workshop on NLP and …, 2016 - aclweb.org","… 1Data set available at http://github.com/zeerakw/hatespeech … F1-score may not be an appropriate
met- ric to evaluate classification on hate speech corpora … Most related work in the field of abusive
language detection has focused on detecting profanity using list-based methods to … 
",   23
Abusive language detection in online user content,https://dl.acm.org/doi/abs/10.1145/2872427.2883062,"C Nobata, J Tetreault, A Thomas, Y Mehdad… - Proceedings of the 25th …, 2016 - dl.acm.org","… and also have the workers annotate for other types of hate speech and abusive language … We
believe that this noise is a potentially good signal for abuse detection and thus … of tuples than
[3]. [18] provide the most comprehensive investigation of hate speech (hateful language … 
",   61
One-step and two-step classification for abusive language detection on twitter,https://arxiv.org/abs/1706.01206,"JH Park, P Fung - arXiv preprint arXiv:1706.01206, 2017 - arxiv.org","… None Racism Sexism Total Method Prec. Rec … Nobata, C., Tetreault, J., Thomas, A., Mehdad,
Y., & Chang, Y. (2016). Abusive language detection in online user content … Schmidt, A., & Wiegand,
M. (2017). A survey on hate speech detection using natural language processing … 
",   20
[PDF][PDF] Abusive language detection on Arabic social media,https://www.aclweb.org/anthology/W17-3008.pdf,"H Mubarak, K Darwish, W Magdy - … first workshop on abusive language …, 2017 - aclweb.org","… 2. We plan to use this corpus to detect offensive language for attacking people and hate speech …
words and a large corpus of an- notated user comments for obscene and offensive language
detection … Racism Arabs are slaves and will remain Sexism Shameful to be ruled by a … 
",   12
Interpretable multi-modal hate speech detection,https://arxiv.org/abs/2103.01616,"P Vijayaraghavan, H Larochelle, D Roy - arXiv preprint arXiv:2103.01616, 2021 - arxiv.org","… References Aro, J. The cyberspace war: propaganda and trolling as warfare tools … 2017. Müller,
K. and Schwarz, C. Making america hate again? twitter and hate crime under trump. 2018 …
Nockleby, JT Hate speech. Encyclopedia of the American constitution, 3:1277–79, 2000 … 
",   2 
A survey on automatic detection of hate speech in text,https://dl.acm.org/doi/abs/10.1145/3232676,"P Fortuna, S Nunes - ACM Computing Surveys (CSUR), 2018 - dl.acm.org","… people may find to be in bad taste (ex: jokes, stand-up comedy, popular song lyrics, etc.).” [28]
“Hate speech refers to content that promotes violence or hatred against individuals … “related
concepts” (cyberbullying, cyber hate, sectarianism, and freedom of speech) … 
",   27
[HTML][HTML] To BAN or not to BAN: Bayesian attention networks for reliable hate speech detection,https://link.springer.com/article/10.1007/s12559-021-09826-9,"K Miok, B Škrlj, D Zaharie, M Robnik-Šikonja - Cognitive Computation, 2021 - Springer","… harmful content and possibly ban malicious users without harming the freedom of speech [7].
Standard … With the rise of social media popularity, the hate speech detection became highly needed.
Hate speech is defined as written or oral communication that abuses or threatens a … 
",   4 
Semeval-2019 task 5: Multilingual detection of hate speech against immigrants and women in twitter,https://iris.unito.it/handle/2318/1723924,"V Basile, C Bosco, E Fersini, N Debora, V Patti… - … Workshop on Semantic …, 2019 - iris.unito.it","… Let us men- tion the first and second edition of the Workshop on Abusive Language1 (Waseem
et al … 4.1 Subtask A - Hate Speech Detection against immigrants and women … a va- riety of standard
lexical and syntactic features with specific features for capturing offensive language
",   23
Detection of errors during speech production: A review of speech monitoring models,https://www.sciencedirect.com/science/article/pii/S0010027700000901,"A Postma - Cognition, 2000 - Elsevier","… upon idea of well-formedness, successful performance, and/or error-free output … Table 2. Overview
of feedback loops in speech production, their presumed corrective functions, and … Generic feedback
category, Feedback loop, Alleged functional correlates, Detection time after error … 
",   54
Offensive language detection using multi-level classification,https://link.springer.com/chapter/10.1007/978-3-642-13059-5_5,"AH Razavi, D Inkpen, S Uritsky, S Matwin - Canadian Conference on …, 2010 - Springer","… phrases, whereas for evaluative expressions we are dealing with emotions (such as hate, anger),
judgments … In addition to parts of speech, a corpus can be annotated with demographic features
such … The software could also be adapted for some kinds of spam detection for any … 
",   19
Deep learning for detecting cyberbullying across multiple social media platforms,https://link.springer.com/chapter/10.1007/978-3-319-76941-7_11,"S Agrawal, A Awekar - European conference on information retrieval, 2018 - Springer","… Cyberbullying has been defined by the National Crime Prevention Council as the use of the
Internet, cell phones or other devices to send or post text or … Whereas communication on Twitter
is short, free of anonymity and not oriented towards a particular task … Hate Speech/ Clean … 
",   12
[BOK][B] Detection theory: A user's guide,https://books.google.com/books?hl=sv&lr=&id=P094AgAAQBAJ&oi=fnd&pg=PP1&dq=+Hate+speech+detection+OR+Sexism+detection+OR++Cyberbullying+detection+OR++Racism+detection+OR++Abusive+language+detection+OR++Offensive+language+detection&ots=bepg5uQggY&sig=eSpEGSNXazx8szBN1uL0mBRyCSI,"NA Macmillan, CD Creelman - 2004 - books.google.com","… make clear: If the viewer of photographs is in fact an eyewitness to a crime, a miss … Detection theory:
a user's guide 4 Response Stimulus Class “Yes” “No” Total Old 20 5 25 New 10 … S1) False alarms
Correct rejections (10) (15) (25) We use S1 and S2 as context-free names for … 
",   89
Robust endpoint detection and energy normalization for real-time speech and speaker recognition,https://ieeexplore.ieee.org/abstract/document/1001979/,"Q Li, J Zheng, A Tsai, Q Zhou - IEEE Transactions on Speech …, 2002 - ieeexplore.ieee.org","… In recent years, as wireless, hands-free and Internet Protocol (IP) phones get more and more
popular … IEEE TRANSACTIONS ON SPEECH AND AUDIO PROCESSING, VOL … Here, the HMM
approach means endpoint detection by forced alignment as- suming both the models and … 
",   31
[BOK][B] Topic detection and tracking: event-based information organization,https://books.google.com/books?hl=sv&lr=&id=XgfrBwAAQBAJ&oi=fnd&pg=PA30&dq=+Hate+speech+detection+OR+Sexism+detection+OR++Cyberbullying+detection+OR++Racism+detection+OR++Abusive+language+detection+OR++Offensive+language+detection&ots=mIjGirUBId&sig=6ZhAxsGKxu9kKccwueixrfjrzZU,J Allan - 2012 - books.google.com,"… Printed on acid-free paper … book is also of interest to practition- ers in fields that are related to
TDT-eg, Information Retrieval, Automatic Speech Recognition, Machine … The authors provide
extensive analysis of the effect of different approaches on the detection and tracking tasks … 
",   11
"Affect detection: An interdisciplinary review of models, methods, and their applications",https://ieeexplore.ieee.org/abstract/document/5520655/,"RA Calvo, S D'Mello - IEEE Transactions on affective computing, 2010 - ieeexplore.ieee.org","… of real-world applications since 16 out of 19 systems were trained on spontaneous speech … Just
as with facial affect detection, voice is a promising signal in AC applications … 3.3 Body Language
and Posture Although Darwin's research on emotion expression heavily focused on … 
",   15
Prosody-based automatic detection of annoyance and frustration in human-computer dialog,https://www.isca-speech.org/archive/icslp_2002/i02_2037.html,"J Ang, R Dhillon, A Krupski, E Shriberg… - … on Spoken Language …, 2002 - isca-speech.org","… The present work is based on the output of a speech recognizer (free recognition, with … That is,
our methods for emotion detec- tion are entirely automatic, but we can ask whether there would
be added value for emotion detection if we were able to automatically detect … 
",   46
[PDF][PDF] Edit detection and parsing for transcribed speech,https://www.aclweb.org/anthology/N01-1016.pdf,"E Charniak, M Johnson - Second Meeting of the North American …, 2001 - aclweb.org","… from the sentence string, and then a statistical parser trained on edited speech (with the … 1. Bear,
J., Dowding, J. and Shriberg, E. Integrating multiple knowledge sources for detection and
correction … 2. Charniak, E. Statistical parsing with a context-free grammar and word statistics … 
",   14
Automated grammatical error detection for language learners,https://www.morganclaypool.com/doi/abs/10.2200/S00275ED1V01Y201006HLT009,"C Leacock, M Chodorow, M Gamon… - … on human language …, 2010 - morganclaypool.com","… Traditional linguistic tools such as parsers and part-of-speech taggers degrade in their
performance … faced with such input, although they have been used in error detection and correction …
(1978)), the Scripsi system (Catt and Hirst (1990)), the Intelligent Language Tutor (Schwind … 
",   23
Sentiment strength detection in short informal text,https://asistdl.onlinelibrary.wiley.com/doi/abs/10.1002/asi.21416,"M Thelwall, K Buckley, G Paltoglou… - Journal of the …, 2010 - Wiley Online Library","… where these features could be a subset of the words in the document, parts of speech or n … Das
& Chen, 2001), words that enhance sentiment in other words (eg, really love, absolutely hate)
and overall … A related emotion detection approach differentiates between happy, unhappy … 
",   18
Temporal action detection using a statistical language model,http://openaccess.thecvf.com/content_cvpr_2016/html/Richard_Temporal_Action_Detection_CVPR_2016_paper.html,"A Richard, J Gall - Proceedings of the IEEE Conference on …, 2016 - openaccess.thecvf.com","… [11, 12] similarly requires the definition of a context free grammar to … truth annotation of the training
data is also used to estimate the length- and language model. For detection, we extract
unnormalized Fisher vectors of improved dense trajectories for each video frame and store … 
",   17
Large scale crowdsourcing and characterization of twitter abusive behavior,https://ojs.aaai.org/index.php/ICWSM/article/view/14991,"A Founta, C Djouvas, D Chatzakou… - Proceedings of the …, 2018 - ojs.aaai.org","… More particularly, in the case of abuse detection, even though inappropriate content is very
frequent in Online Social Networks, it is still a minority compared to the tremendous amount of
“normal” data … 2016). • Hate Speech: Language used to express hatred towards a … 
",   16
[PDF][PDF] Syntactic stylometry for deception detection,https://www.aclweb.org/anthology/P12-2034.pdf,"S Feng, R Banerjee, Y Choi - Proceedings of the 50th Annual Meeting of …, 2012 - aclweb.org","… (1998), Zhao and Zobel (2007)), we utilize part-of-speech (POS) tags … four differ- ent encodings
of production rules based on the Probabilistic Context Free Grammar (PCFG … We investigated
syntactic stylometry for decep- tion detection, adding a somewhat unconven- tional angle … 
",   43
[BOK][B] Investigative data mining for security and criminal detection,https://books.google.com/books?hl=sv&lr=&id=WbSNpYHoNWMC&oi=fnd&pg=PR15&dq=+Hate+speech+detection+OR+Sexism+detection+OR++Cyberbullying+detection+OR++Racism+detection+OR++Abusive+language+detection+OR++Offensive+language+detection&ots=TT46Lzbk1y&sig=OEvZH-gdK4bL5aWck7XcGKrCD3M,J Mena - 2003 - books.google.com,"… the importance of preserving what has been written, Elsevier Science prints its books on
acid-free paper whenever … Increasingly, crime and terror in our world will be digital in nature. In
fact, one of the largest criminal monitoring and detection enterprises in the world is at this very … 
",   27
A novel approach to robust speech endpoint detection in car environments,https://ieeexplore.ieee.org/abstract/document/862091/,"L Huang, C Yang - … Conference on Acoustics, Speech, and …, 2000 - ieeexplore.ieee.org","… a real noisy environment, inside a HONDA CIVIC car with background radio music and free chat,
reveal … [3] JC Junqua, B. Mak, and B. Reaves, A Robust Algorithm for Word Boundary Detection
in the … [4] LR Rabiner and BH Juang, Fundamentals of Speech Recognition, Prentice … 
",   16
Automatic deception detection: Methods for finding fake news,https://asistdl.onlinelibrary.wiley.com/doi/abs/10.1002/pra2.2015.145052010082,"NK Conroy, VL Rubin, Y Chen - Proceedings of the Association …, 2015 - Wiley Online Library","… Further tagging of words into respective lexical cues for example, parts of speech or “shallow …
Many deception detection researchers have found this method useful in tandem with different …
Deep syntax analysis is implemented through Probability Context Free Grammars (PCFG) … 
",   56
Sentiment strength detection for the social web,https://asistdl.onlinelibrary.wiley.com/doi/abs/10.1002/asi.21662,"M Thelwall, K Buckley… - Journal of the American …, 2012 - Wiley Online Library","… Negating negative terms makes them neutral rather than positive (eg, “I do not hate him” is not …
than a positive term (strength 2). This is a simple alternative to part of speech tagging for … contexts
to see whether it is a viable as a general sentiment strength detection algorithm for … 
",   10
Deep convolutional neural networks and data augmentation for acoustic event detection,https://arxiv.org/abs/1604.07160,"N Takahashi, M Gygli, B Pfister, L Van Gool - arXiv preprint arXiv …, 2016 - arxiv.org","… [37] P. Viola, JC Platt, and C. Zhang, “Multiple instance boosting for object detection,” in Proc …
Asano, “Acoustical sound database in real environments for sound scene understanding and
hands-free speech recognition,” in International Conference on Language Resources & … 
",   16
Chinese segmentation and new word detection using conditional random fields,https://scholarworks.umass.edu/cs_faculty_pubs/92/,F Peng - 2004 - scholarworks.umass.edu,"… This Article is brought to you for free and open access by the Computer Science at …
multiple-character words), a character list, and additional topic or part-of-speech character lexicons …
We measure the performance of new word detection by its improvements on seg- mentation … 
",   57
[PDF][PDF] Robust sentiment detection on twitter from biased and noisy data,https://www.aclweb.org/anthology/C10-2005.pdf,"L Barbosa, J Feng - Coling 2010: Posters, 2010 - aclweb.org","… a tweet, we map it to its part-of-speech using a part-of-speech dic- tionary1 … love” and “beat”) cover
95% of their positive examples and only 6 negative words (“hate”,“suck”,“wtf … We have presented
an effective and robust sen- timent detection approach for Twitter messages, which … 
",   11
Statistical fraud detection: A review,https://projecteuclid.org/euclid.ss/1042727940,"RJ Bolton, DJ Hand - Statistical science, 2002 - projecteuclid.org","… Sometimes those fields not needed for transfer are left blank, free text fields may be completed
in different ways and, worse still, but inevitable, sometimes the data have errors … (There is an
analogy here with speech recognition systems: simple systems fo … Detection of large-scale … 
",   14
Automatic detection of arguments in legal texts,https://dl.acm.org/doi/abs/10.1145/1276318.1276362,"MF Moens, E Boiy, RM Palau, C Reed - Proceedings of the 11th …, 2007 - dl.acm.org","… We would like to see how verbs compare to other parts-of-speech, like adverbs, for the … were
selected be- cause they offered (a) long-term online archive of material; (b) free access to … We
are not aware of argument recognition in other types of texts (eg, speeches, political texts … 
",   25
Deception detection for news: three types of fakes,https://asistdl.onlinelibrary.wiley.com/doi/abs/10.1002/pra2.2015.145052010083,"VL Rubin, Y Chen, NK Conroy - Proceedings of the Association …, 2015 - Wiley Online Library","… Computer Science Free Access … Tabloids specifically emphasize topics such as sensational crime
stories, astrology, gossip columns about celebrities, and junk food … 435‐2015‐0065) awarded
to Dr. Rubin for the project entitled Digital Deception Detection: Identifying Deliberate … 
",   35
A cognitive approach to lie detection: A meta‐analysis,https://bpspsychub.onlinelibrary.wiley.com/doi/abs/10.1111/lcrp.12088,"A Vrij, RP Fisher, H Blank - Legal and Criminological …, 2017 - Wiley Online Library","… on lie detection through observing someone's behaviour or listening to someone's speech when
no … Law and Human Behavior, Legal and Criminological Psychology, Psychology, Crime, & Law …
the cognitive approach – in other words, the odds of accurate detection were almost … 
",   19
Sarcasm detection on twitter: A behavioral modeling approach,https://dl.acm.org/doi/abs/10.1145/2684822.2685316,"A Rajadesingan, R Zafarani, H Liu - … conference on web search and data …, 2015 - dl.acm.org","… amazing, etc., and 400,000 tweets with negative sentiment hashtags such as #sad, #depressed,
#hate, among others … measure grammar skills, we investi- gate how the user employs different
parts-of-speech (POS … provided location on Twitter is of- ten noisy as it is a free-text field … 
",   27
Comparing different approaches for automatic pronunciation error detection,https://www.sciencedirect.com/science/article/pii/S0167639309000715,"H Strik, K Truong, F De Wet, C Cucchiarini - Speech communication, 2009 - Elsevier","… the frame normalized ratio between the log-likelihood score of its forced and free phone
recognition … data sparseness is a common problem in research on ASR-based L2 pronunciation
error detection … Since the APF features are more specific for a given speech sound, while the … 
",   15
Accent detection and speech recognition for shanghai-accented mandarin,https://www.isca-speech.org/archive/interspeech_2005/i05_0217.html,"Y Zheng, R Sproat, L Gu, I Shafran, H Zhou… - … on Speech …, 2005 - isca-speech.org","… The spontaneous speech consisted of free-form monologues where the speaker was asked to …
We report the approach of combining accent detection, accent discriminative acoustic features,
acoustic … and model selection to the problem of accented Chinese speech recogni- tion … 
",   10
A deep learning approach for intrusion detection using recurrent neural networks,https://ieeexplore.ieee.org/abstract/document/8066291/,"C Yin, Y Zhu, J Fei, X He - Ieee Access, 2017 - ieeexplore.ieee.org","… role in the fields of computer vision, natural language processing (NLP), semantic understanding,
speech recognition, language modelling, translation … Following this line of thinking, a deep learning
approach for intrusion detection using recurrent neural networks … 
",   61
Text classification and named entities for new event detection,https://dl.acm.org/doi/abs/10.1145/1008992.1009044,"G Kumaran, J Allan - Proceedings of the 27th annual international ACM …, 2004 - dl.acm.org","… It was concluded that a marginal increase in effectiveness could be achieved when lexical chain
representations are used in conjunction with the free text representation, ie the data fusion … In
Center for Language and Speech Processing, 1999 … First story detection in tdt is hard … 
",   51
[PDF][PDF] Automatic detection of opinion bearing words and sentences,https://www.aclweb.org/anthology/I05-2011.pdf,"SM Kim, E Hovy - Companion Volume to the Proceedings of Conference …, 2005 - aclweb.org","… We describe a sentence-level opinion detection system … bearing words Adjectives Final score
Verbs Final score Careless 0.63749 Harm 0.61715 wasteful 0.49999 Hate 0.53847 Unpleasant …
attribute is used to indicate whether the source of the private state or speech event is … 
",   26
[HTML][HTML] Mammographic density and the risk and detection of breast cancer,https://www.nejm.org/doi/full/10.1056/nejmoa062790,"NF Boyd, H Guo, LJ Martin, L Sun… - New England journal …, 2007 - Mass Medical Soc","Background Extensive mammographic density is associated with an increased
risk of breast cancer and makes the detection of cancer by mammography
difficult, but the influence of density on risk acco...
",   22
Recurrent neural networks for voice activity detection,https://ieeexplore.ieee.org/abstract/document/6639096/,"T Hughes, K Mierle - … Conference on Acoustics, Speech and …, 2013 - ieeexplore.ieee.org","… However, the network is free to adjust the tap weights (making it no longer a delay line) to improve
the final error … [1] J. Sohn, NS Kim, and W. Sung, “A Statistical Model- based Voice Activity
Detection,” Signal Processing Let … [2] Ananya Misra, “Speech/Nonspeech Segmentation … 
",   15
[HTML][HTML] Deep learning for generic object detection: A survey,https://link.springer.com/article/10.1007/s11263-019-01247-4,"L Liu, W Ouyang, X Wang, P Fieguth, J Chen… - International journal of …, 2020 - Springer","… Search SpringerLink Search. Deep Learning for Generic Object Detection: A
Survey. Download PDF. Download PDF. Open Access; Published: 31 October
2019. Deep Learning for Generic Object Detection: A Survey … 
",   60
"Common sense reasoning for detection, prevention, and mitigation of cyberbullying",https://dl.acm.org/doi/abs/10.1145/2362394.2362400,"K Dinakar, B Jones, C Havasi, H Lieberman… - ACM Transactions on …, 2012 - dl.acm.org","… According to the National Crime Prevention Council, cyberbullying can be defined as the following:
“when the … Part-of-speech tags for bigrams, namely, PRP VBP, JJ DT and VB PRP were … and
domain-specific texts to create a system that understands affect in free text [Cambria … 
",   33
Predicting the type and target of offensive posts in social media,https://arxiv.org/abs/1902.09666,"M Zampieri, S Malmasi, P Nakov, S Rosenthal… - arXiv preprint arXiv …, 2019 - arxiv.org","… 2017. Automated Hate Speech Detection and the Problem of Offensive Language. In Proceedings
of ICWSM … Shervin Malmasi and Marcos Zampieri. 2018. Chal- lenges in Discriminating Profanity
from Hate Speech … 2017. Abusive Language Detection on Arabic So- cial Media … 
",   22
"Argumentation mining: the detection, classification and structure of arguments in text",https://dl.acm.org/doi/abs/10.1145/1568234.1568246,"RM Palau, MF Moens - Proceedings of the 12th international conference …, 2009 - dl.acm.org","… their text type: newspapers, parliamentary records, legal judgments, weekly magazines, discussion
fora, “cause” sources and speeches … legal texts, where the language cues are more explicit and
more restrictive than in open speech … Context-free Gram- mar 61.00 75.00 67.27 … 
",   35
Cardiologist-level arrhythmia detection and classification in ambulatory electrocardiograms using a deep neural network,https://www.nature.com/articles/s41591-018-0268-3?source=techstories.org,"AY Hannun, P Rajpurkar, M Haghpanahi, GH Tison… - Nature medicine, 2019 - nature.com","… Cardiologist-level arrhythmia detection and classification in ambulatory electrocardiograms using
a deep neural … They have dramatically improved the state of the art in speech recognition 8 … or
feature extraction 15,16 , or has approached limited diagnostic tasks, detecting only a … 
",   64
[PDF][PDF] Political ideology detection using recursive neural networks,https://www.aclweb.org/anthology/P14-1105.pdf,"M Iyyer, P Enns, J Boyd-Graber, P Resnik - Proceedings of the 52nd …, 2014 - aclweb.org","… 6.1 Automatic Ideology Detection Most previous work on ideology detection ignores the
syntactic structure of the language in use in favor of familiar bag-of-words representations
for 1119 Page 8 … of free-market ideology huge amounts of taxpayer money … 
",   23
Detection of functional connectivity using temporal correlations in MR images,https://onlinelibrary.wiley.com/doi/abs/10.1002/hbm.10022,"M Hampson, BS Peterson, P Skudlarski… - Human brain …, 2002 - Wiley Online Library","… Detection of functional connectivity using temporal correlations in MR images … The free parameters
were the mean, standard deviation, and area under the Gaussian … across all pixels in Broca's
area was also computed for both the resting state and the continuous speech data … 
",   76
Automatic detection of interaction groups,https://dl.acm.org/doi/abs/10.1145/1088463.1088473,"O Brdiczka, J Maisonnasse, P Reignier - Proceedings of the 7th …, 2005 - dl.acm.org","… The individuals were free to move and to discuss any topic … Figure 5. Group configuration detection
during Experiment 3 (duration: 16 min … executed on long observation sequences (like the
observation window) is quite robust to wrong detections of the speech activity detector … 
",   11
Automatic text detection and tracking in digital video,https://ieeexplore.ieee.org/abstract/document/817607/,"H Li, D Doermann, O Kia - IEEE transactions on image …, 2000 - ieeexplore.ieee.org","… Mokhtarian, Centre for Vision, Speech, and Signal Processing Laboratory, Univer- sity of Surrey,
UK, for … or complex nonlinear motion (for example, zooming in/out, rotation, or free movement
of … 1, the text detection process is performed every five frames to detect new text lines … 
",   87
Convolutional neural networks for P300 detection with application to brain-computer interfaces,https://ieeexplore.ieee.org/abstract/document/5492691/,"H Cecotti, A Graser - IEEE transactions on pattern analysis and …, 2010 - ieeexplore.ieee.org","… They are also used in speech processing [22] … Therefore, CNN-1,2,3 contain 31,652, 31,092,
and 3,347 free variables, respectively … If we consider the P300 detection as a binary classification
problem, the recognition rate (Reco.), presented in percent, is defined as šTP ž TNŽ=NP … 
",   57
[HTML][HTML] Lie detection and language comprehension,https://www.nature.com/articles/35012129,"NL Etcoff, P Ekman, JJ Magee, MG Frank - Nature, 2000 - nature.com","… 5 Head, H. Aphasia and Kindred Disorders of Speech (Cambridge Univ … Using the Unconscious
to Improve Detection of Managerial Deception … If you find something abusive or that does not
comply with our terms or guidelines please flag it as inappropriate. Download PDF.
",   11
Zero-shot event detection using multi-modal fusion of weakly supervised concepts,http://openaccess.thecvf.com/content_cvpr_2014/html/Wu_Zero-shot_Event_Detection_2014_CVPR_paper.html,"S Wu, S Bondugula, F Luisier… - Proceedings of the …, 2014 - openaccess.thecvf.com","… We collect a set of videos with free-form text descriptions of their content … State of the art systems
for standard event detection with training data have shown fusion of multiple … is especially important
for the zero-shot problem, due to the sparse occurrence of speech and video text … 
",   11
Automatic detection of fake news,https://arxiv.org/abs/1708.07104,"V Pérez-Rosas, B Kleinberg, A Lefevre… - arXiv preprint arXiv …, 2017 - arxiv.org","… processes), summary cate- gories (eg, words per sentence), as well as part- of-speech categories
(eg … Pre- vious work on verbal deception detection showed that LIWC is a valuable tool for … extract
a set of fea- tures derived production rules based on context free grammars (CFG … 
",   30
[HTML][HTML] Bidirectional RNN for medical event detection in electronic health records,https://www.ncbi.nlm.nih.gov/pmc/articles/pmc5119627/,"AN Jagannatha, H Yu - Proceedings of the conference. Association …, 2016 - ncbi.nlm.nih.gov","… This learning framework has wide applications in many disciplines such as genomics, intrusion
detection, natural language processing, speech recognition etc … 2 Related Work. Medication and
ADE detection is an important NLP task in biomedicine … [PMC free article] [PubMed … 
",   23
Automatic detection of political opinions in tweets,https://link.springer.com/chapter/10.1007/978-3-642-25953-1_8,"D Maynard, A Funk - Extended Semantic Web Conference, 2011 - Springer","… may be equally drawn towards more than one party, not just Labour, but hates 1 http … These have
a feature denoting their part of speech, and information about the orig- inal WordNet … 93 The
detection of the actual opinion (sentiment) is performed via a number of different phases … 
",   24
Building a large-scale corpus for evaluating event detection on twitter,https://dl.acm.org/doi/abs/10.1145/2505515.2505695,"AJ McMinn, Y Moshfeghi, JM Jose - Proceedings of the 22nd ACM …, 2013 - dl.acm.org","… For example, a speech at a rally might be an event, but it is an episode in a … 3 https://code.google.
com/p/language-detection/ 4 Information on how to obtain the corpus can be found … tweets, as
our honey-pot spam detection technique requires it (described in section 3.2.3). Full … 
",   16
[PDF][PDF] An evaluation framework for plagiarism detection,https://www.aclweb.org/anthology/C10-2115.pdf,"M Potthast, B Stein, A Barrón-Cedeño, P Rosso - Coling 2010: Posters, 2010 - aclweb.org","… 1The framework is available free of charge at http://www.webis.de/research/corpora … The se-
quence of parts of speech in ssrc is deter- mined and splg is created by shuffling … researchers
in order to pin- point the room for the development of better pla- giarism detection systems … 
",   34
"Are they different? Affect, feeling, emotion, sentiment, and opinion detection in text",https://ieeexplore.ieee.org/abstract/document/6797872/,"M Munezero, CS Montero, E Sutinen… - IEEE transactions on …, 2014 - ieeexplore.ieee.org","… Examples of sentiments include romantic love, parental love, loyalty, friendship, patriotism, hate,
as well as more transient … AFFECT, FEELING, EMOTION, SENTIMENT, AND OPINION DETECTION
IN TEXT 105 … Feelings are made clear using descriptive or expressive language … 
",   23
Towards Sensor-Free Affect Detection in Cognitive Tutor Algebra.,https://eric.ed.gov/?id=ED537205,"RSJ d Baker, SM Gowda, M Wixon, J Kalka… - … Educational Data Mining …, 2012 - ERIC","… with caution, the detectors presented here appear to represent further progress towards effective,
sensor-free detectors of … [20] D'Mello, SK, and Graesser, AC Multimodal semi- automated affect
detection from conversational cues, gross body language, and facial … 
",   16
[PDF][PDF] Overview of the 1st international competition on plagiarism detection,http://137.226.34.227/Publications/CEUR-WS/Vol-502/pan09-proceedings.pdf#page=9,"MPBSA Eiselt, ABCP Rosso - 3rd PAN Workshop. Uncovering …, 2009 - 137.226.34.227","… documents are, to the best of our knowledge, public domain; therefore the corpus is avail- able
free of charge … Given sx its sequence of parts of speech (POS) is determined … External Plagiarism
Detection Approach Heuristic Retrieval Detailed Analysis Participant Retrieval Model … 
",   17
[HTML][HTML] A comparative evaluation of unsupervised anomaly detection algorithms for multivariate data,https://journals.plos.org/plosone/article?id=10.1371/journal.pone.0152173,"M Goldstein, S Uchida - PloS one, 2016 - journals.plos.org","… (b) Semi-supervised anomaly detection uses an anomaly-free training dataset … Fortunately, it
is still possible to utilize point anomaly detection algorithms to detect contextual and collective
anomalies. In order to do so, the context itself can be included as a new feature … 
",   48
Use of general-purpose negation detection to augment concept indexing of medical documents: a quantitative study using the UMLS,https://academic.oup.com/jamia/article-abstract/8/6/598/781176,"PG Mutalik, A Deshpande… - Journal of the American …, 2001 - academic.oup.com","… McQuire and Eastman.20 (This problem is simpler than negations in free text, because …
NegExpander does not do any syntactic parsing beyond detection of a small set of … been
augmented by representing the extracted information in XML (Extended Markup Language).24 … 
",   27
Activity recognition and abnormality detection with the switching hidden semi-markov model,https://ieeexplore.ieee.org/abstract/document/1467354/,"TV Duong, HH Bui, DQ Phung… - 2005 IEEE Computer …, 2005 - ieeexplore.ieee.org","… flat HSMM and the hierarchical hidden Markov model in both classification and abnormality
detection tasks, al … topic since the late 1980s, driven by applications in the field of speech pro-
cessing … 21, 4, 10]; however, its drawback is in the large number of free parameters needed … 
",   69
A new method for mispronunciation detection using support vector machine based on pronunciation space models,https://www.sciencedirect.com/science/article/pii/S0167639309000442,"S Wei, G Hu, Y Hu, RH Wang - Speech Communication, 2009 - Elsevier","… from the forced alignment, while Witt and Young (2000) use a free running phone loop … The second
and third databases contain speech of 667 and 668 speakers, respectively … This paper uses
Precision and Recall as the performance measure for mispronunciation detection … 
",   11
[BOK][B] Financial statement fraud: prevention and detection,https://books.google.com/books?hl=sv&lr=&id=864wkkSHaqQC&oi=fnd&pg=PR3&dq=+Hate+speech+detection+OR+Sexism+detection+OR++Cyberbullying+detection+OR++Racism+detection+OR++Abusive+language+detection+OR++Offensive+language+detection&ots=IS9ixxmLCX&sig=bRAGiKOOBWOpq2LXTgOjCZAYi88,Z Rezaee - 2002 - books.google.com,"… reporting process and the assurance that published fi- nancial statements are free of material …
that “cooking the books” causes financial statement fraud, which results in a crime … Chapter 10
ex- amines internal auditors' responsibility for prevention and detection of financial … 
",   59
Voice activity detection based on an unsupervised learning framework,https://ieeexplore.ieee.org/abstract/document/5728850/,"D Ying, Y Yan, J Dang, FK Soong - … , Speech, and Language …, 2011 - ieeexplore.ieee.org","… I. INTRODUCTION The function of the voice activity detector (VAD) is to distinguish active speech
from nonspeech … One can see that miss-detection of speech is very … on the unsupervised learning,
where the clustered models should be identified as speech/nonspeech according … 
",   11
[PDF][PDF] Harnessing context incongruity for sarcasm detection,https://www.aclweb.org/anthology/P15-2124.pdf,"A Joshi, V Sharma, P Bhattacharyya - … Conference on Natural Language …, 2015 - aclweb.org","… 1Source: The Free Dictionary … Tepperman et al. (2006) present sarcasm recognition in speech
us- ing prosodic, spectral (average … We are currently exploring a more robust incorporation of
inter-sentential incongruity for sarcasm detection. 761 Page 6. References Alias-i. 2008 … 
",   18
The Heart and soul of the web? Sentiment strength detection in the social web with SentiStrength,https://link.springer.com/chapter/10.1007/978-3-319-43639-5_7,"M Thelwall - Cyberemotions, 2017 - Springer","… can be downloaded free from the website http://sentistrength.wlv.ac.uk/ and the (commercial)
Java version is available free from the author … A weakness of SentiStrength is that it does not
attempt to use grammatical parsing (eg, part of speech tagging) to … (eg, “I do not hate him”, is … 
",   27
Challenges in real-life emotion annotation and machine learning based detection,https://www.sciencedirect.com/science/article/pii/S0893608005000407,"L Devillers, L Vidrascu, L Lamel - Neural Networks, 2005 - Elsevier","… DHM call centers (real life), 7200 turns, Negative, non negative, Prosodic language dialogic,
LDC … Section 6 reports experiments on automatic emotional state detection using both acoustic
and … only one channel; therefore there is a significant portion of overlapping speech that is … 
",   33
[PDF][PDF] Detection of grammatical errors involving prepositions,https://www.aclweb.org/anthology/W07-1604.pdf,"M Chodorow, J Tetreault, NR Han - … of the fourth ACL-SIGSEM workshop …, 2007 - aclweb.org","… also difficult for the model to learn, most likely be- cause, as adjuncts, they are free to appear …
Automatic error detection in the japanese leaners' english spoken data … The overview of the sst
speech corpus of japanese learner english and evaluation through the experiment on au … 
",   18
Using webcast text for semantic event detection in broadcast sports video,https://ieeexplore.ieee.org/abstract/document/4668533/,"C Xu, YF Zhang, G Zhu, Y Rui, H Lu… - IEEE Transactions on …, 2008 - ieeexplore.ieee.org","… Closed caption is a direct transcript from speech to text thus contains redundant information … Without
using context information, the precision of “free kick” event detec- tion will be … C. Event Boundary
Detection Event moment can be detected based on the recognized game time … 
",   21
Early hearing detection and intervention in South Africa,https://www.sciencedirect.com/science/article/pii/S0165587609000093,"DW Swanepoel, C Störbeck, P Friedland - International journal of pediatric …, 2009 - Elsevier","… which in most cases offer less-resourced services although these are offered free of charge … A
recent national survey of early hearing detection programs in the public health sector has … of the
nine provinces in South Africa with audiology and/or speech-language therapy services … 
",   14
Emotion detection in roman urdu text using machine learning,https://dl.acm.org/doi/abs/10.1145/3417113.3423375,"A Majeed, H Mujtaba, MO Beg - Proceedings of the 35th IEEE/ACM …, 2020 - dl.acm.org","… Emo- tion detection from text via ensemble classification using word embeddings … conference
of the North American chapter of the association for computational linguistics: human language
technologies … A survey on hate speech detec- tion using natural language processing … 
",   10
Convolutional neural network for earthquake detection and location,https://advances.sciencemag.org/content/4/2/e1700578.short,"T Perol, M Gharbi, M Denolle - Science Advances, 2018 - advances.sciencemag.org","… two types of 10-s-long windows from these streams: windows containing events and windows
free of events … 1). Although a template matching method using the waveforms from our training
set cannot detect them, ConvNetQuake … Earthquake detection on continuous records … 
",   29
Static detection of cross-site scripting vulnerabilities,https://ieeexplore.ieee.org/abstract/document/4814128/,"G Wassermann, Z Su - 2008 ACM/IEEE 30th International …, 2008 - ieeexplore.ieee.org","Page 1. Static Detection of Cross-Site Scripting Vulnerabilities … The image relations that an FST
defines between words can be lifted naturally to languages … The image of a context free language
represented by a CFG over an FST can be constructed using an adaptation of the CFL … 
",   48
[BOK][B] Snort 2.1 intrusion detection,https://books.google.com/books?hl=sv&lr=&id=rzd3PLH3vDsC&oi=fnd&pg=PP1&dq=+Hate+speech+detection+OR+Sexism+detection+OR++Cyberbullying+detection+OR++Racism+detection+OR++Abusive+language+detection+OR++Offensive+language+detection&ots=01AehJ9VBe&sig=CSZ3JP86lvbbi-DBpMX3jly_5uk,"B Caswell, J Beale - 2004 - books.google.com","… In his free time, Brian likes to teach his young son Patrick to write perl, reverse engineer
network protocols, and autocross at the local SCCA events … 66 The Detection Engine …
90 Detecting a Snort System on the Network . . . . . 90 Attacking Snort … 
",   45
Improved musical onset detection with convolutional neural networks,https://ieeexplore.ieee.org/abstract/document/6854953/,"J Schlüter, S Böck - … conference on acoustics, speech and …, 2014 - ieeexplore.ieee.org","… two well-chosen test signals: One rich in percussive onsets, the other in transient-free harmonic
ones … Holzapfel, Y. Stylianou, AC Gedik, and B. Bozkurt, “Three dimensions of pitched instrument
onset detection,” IEEE Transactions on Audio, Speech, and Language … 
",   23
Event detection in field sports video using audio-visual features and a support vector machine,https://ieeexplore.ieee.org/abstract/document/1512240/,"DA Sadlier, NE O'Connor - … on Circuits and Systems for Video …, 2005 - ieeexplore.ieee.org","… Hence, an indi- cator of this characteristic should further contribute to the event detection task …
However, they as- sume pure speech signal input, ie, free from background noise, which is
certainly not characteristic of the content dealt with in these experiments … 
",   30
Untrimmednets for weakly supervised action recognition and detection,http://openaccess.thecvf.com/content_cvpr_2017/html/Wang_UntrimmedNets_for_Weakly_CVPR_2017_paper.html,"L Wang, Y Xiong, D Lin… - Proceedings of the IEEE …, 2017 - openaccess.thecvf.com","… su- pervised learning was extensively studied in object recog- nition and detection [1, 4 … [17]
adapted the framework of Connectionist Temporal Classi- fication [15] from speech recognition
to … each clip proposal independently, and a selection module is proposed to detect or rank … 
",   25
ADAM: a testbed for exploring the use of data mining in intrusion detection,https://dl.acm.org/doi/abs/10.1145/604264.604268,"D Barbará, J Couto, S Jajodia, N Wu - ACM Sigmod Record, 2001 - dl.acm.org","… The attack-free parts of the stream are fed into a module that performs off-line association rules
discovery … Cyber Crime. In Business Week, February 21, 2000 … Detection, Estimation, and
Modulation Theory, Radar-Sonar Signal Processing and Gaussian Signals in Noise … 
",   31
Emotion detection in suicide notes,https://www.sciencedirect.com/science/article/pii/S0957417413003485,"B Desmet, VR Hoste - Expert Systems with Applications, 2013 - Elsevier","… We aim at the fine-grained detection of a larger set of emotions (15 classes in total) in suicide
notes … Hopelessness, Stand, bear, without, alone, hate … MBSP Memory-Based Shallow Parser
for Python v1.4 (Daelemans, 2005), which provided lemmas and part-of-speech (POS) tags … 
",   14
[HTML][HTML] Array-based technology and recommendations for utilization in medical genetics practice for detection of chromosomal abnormalities,https://www.nature.com/articles/gim2010122,"M Manning, L Hudgins - Genetics in Medicine, 2010 - nature.com","… examined for gains or losses of genetic material too small to be detected by standard G … SNP/oligo
arrays have been developed for the analysis of CNVs and detection of copy … example, many
clinicians are unaware that a whole genome oligoarray can detect clinically significant … 
",   51
Efficient anomaly detection by modeling privilege flows using hidden Markov model,https://www.sciencedirect.com/science/article/pii/S0167404803001123,"SB Cho, HJ Park - computers & security, 2003 - Elsevier","… probabilistic method to model temporal sequences, and is largely exploited in the speech
recognition field … are aware of hacking types classified by Marcus J. Ranum, who developed free
software, firewalls … A survey of intrusion detection techniques, Computers & Security, Vol … 
",   21
An energy operator approach to joint application of amplitude and frequency-demodulations for bearing fault detection,https://www.sciencedirect.com/science/article/pii/S088832701000004X,"M Liang, IS Bozchalooi - Mechanical systems and signal processing, 2010 - Elsevier","… This paper presents a joint amplitude and frequency demodulation approach to bearing fault
detection … energy operator used for the frequency and amplitude demodulation of the speech
signals [22 … It is parameter free and thus relieves the burden involved in selecting and re … 
",   14
Deep android malware detection,https://dl.acm.org/doi/abs/10.1145/3029806.3029823,"N McLaughlin, J Martinez del Rincon, BJ Kang… - Proceedings of the …, 2017 - dl.acm.org","… cal deep network may have millions of parameters [20], while our malware detection network
has … a single convolutional layer have been shown to perform well on natural language text
classification … using virusTotal to ascertain that they were highly probable to be malware free … 
",   22
Self-assembled nanoparticle arrays for multiphase trace analyte detection,https://www.nature.com/articles/nmat3488,"MP Cecchini, VA Turek, J Paget, AA Kornyshev… - Nature materials, 2013 - nature.com","… in various phases (for example, air, organic and aqueous), thus making identification of chemical …
spectra allows for multiple-analyte detection within complex mixtures, including detection down
to … It is already an established technique to detect explosives 4,12,13 , narcotics 14 … 
",   30
On accurate and reliable anomaly detection for gas turbine combustors: A deep learning approach,https://arxiv.org/abs/1908.09238,"W Yan, L Yu - arXiv preprint arXiv:1908.09238, 2019 - arxiv.org","… And we use the rest of data (both POD events and event-free data) for training and testing the
classifier. 4.3 … Anomaly Detection : A Survey, ACM Computing Surveys, Vol. 41(3), Article 15,
July 2009 … IEEE Transactions on Acoustics, Speech, and Signal Processing, vol … 
",   11
""" Ruspersonality"": A Russian corpus for authorship profiling and deception detection",https://ieeexplore.ieee.org/abstract/document/7584767/,"T Litvinova, O Litvinlova… - … , Social Media and …, 2016 - ieeexplore.ieee.org","… are written by | by students Psychology students Expanded_| No Every year Every month Access
On demand Free, online On … 22) and labelled it according to the list of parameters chosen based
on the neurolinguistics data on speech production in the … DECEPTION DETECTION … 
",   64
Plan recognition in intrusion detection systems,https://ieeexplore.ieee.org/abstract/document/932191/,"CW Geib, RP Goldman - Proceedings DARPA Information …, 2001 - ieeexplore.ieee.org","… plan recognition system come from two different aspects of the network in- trusion detection
problem … for ex- ample, in cooperative problem-solving and in understand- ing indirect speech
acts … is that it admits of efficient implemen- tation when restricted to context-free languages … 
",   24
[PDF][PDF] Intrinsic plagiarism detection using character n-gram profiles,http://ceur-ws.org/Vol-502/paper8.pdf,"E Stamatatos - threshold, 2009 - ceur-ws.org","… features (character types, character n- grams), syntactic features (part-of-speech frequencies,
types of … In this paper a new method for intrinsic plagiarism detection has been presented … precision
is the development of more sophisticated and accurate plagiarism-free criteria on … 
",   19
Unsupervised emotion detection from text using semantic and syntactic relations,https://ieeexplore.ieee.org/abstract/document/6511907/,"A Agrawal, A An - … IEEE/WIC/ACM International Conferences on …, 2012 - ieeexplore.ieee.org","… The preprocessing task consists of sentence parsing, parts-of-speech tagging and syntactic … scare,
terrify surprise surprise, amazing, astonish, incredible, wonder disgust disgust, dislike, hate, sick,
ill … dependencies are taken into account and the other context- free version which … 
",   15
